{
    "plot": [
    	{
	        "x": {
	            "title": "Time (s)",
	            "values": [
	                0.25,
	                0.50,
	                0.75,
	                1.00,
	                1.25,
	                1.50,
	                1.75,
	                2.00
	            ]
	        },
	        "y": {
	            "title": "Distance (m)",
	            "values": [
	                0.0875,
	                0.1750,
	                0.2625,
	                0.3500,
	                0.38125,
	                0.41250,
	                0.44375,
	                0.47500
	            ]
	        }
	    },
	    {
	        "x": {
	            "values": [
	                0.25,
	                0.50,
	                0.75,
	                1.00,
	                1.25,
	                1.50,
	                1.75,
	                2.00
	            ]
	        },
	        "y": {
	            "values": [
	                0.3500,
	                0.3500,
	                0.3500,
	                0.3500,
	                0.38125,
	                0.41250,
	                0.44375,
	                0.47500
	            ]
	        }
	    }
	]
}
